id_evento,fecha_evento,anio,nombre_evento,categoria,ambito,mecanismo_dominante,descripcion,partidos_afectados,impacto_probable,explicacion_impacto,relevancia_1_5,confianza_analitica,fuentes
ESP-001,2018-03-21,2018,Estalla el caso máster de Cristina Cifuentes,Corrupción/escándalo,Autonómico con spillover nacional,corrupción/valence,La publicación de irregularidades en el máster de Cristina Cifuentes convirtió un problema madrileño en una crisis reputacional nacional para el PP.,"PP, Ciudadanos, PSOE",PP (-); Ciudadanos (+); PSOE (+),Colocó la integridad y la regeneración en el centro del debate y dañó a una figura importante del PP. Benefició a competidores que podían presentarse como alternativa limpia.,4,Alta,https://www.reuters.com/site-search/?query=Cristina+Cifuentes+master+scandal+Spain+March+2018 | https://es.wikipedia.org/wiki/Caso_Cifuentes | https://www.asambleamadrid.es/
ESP-002,2018-04-25,2018,Dimisión de Cifuentes tras el vídeo del supermercado,Corrupción/escándalo,Autonómico con spillover nacional,liderazgo y credibilidad,La difusión de un vídeo antiguo de un hurto en un supermercado precipitó la dimisión de Cifuentes como presidenta madrileña.,"PP, Ciudadanos, PSOE",PP (-); Ciudadanos (+); PSOE (+),La dimisión profundizó la imagen de descomposición del PP en Madrid y reforzó la presión competitiva de Ciudadanos y PSOE en el marco de la regeneración.,4,Alta,https://www.reuters.com/site-search/?query=Cifuentes+resigns+supermarket+video+Spain+April+2018 | https://es.wikipedia.org/wiki/Caso_Cifuentes | https://www.asambleamadrid.es/
ESP-003,2018-05-24,2018,Sentencia del caso Gürtel,Corrupción/escándalo,Nacional,corrupción/valence,La Audiencia Nacional dictó la sentencia principal del caso Gürtel y dio por acreditada una caja B del PP.,"PP, PSOE, Unidas Podemos, Ciudadanos",PP (-); PSOE (+); Unidas Podemos (+); Ciudadanos (+),Fue un shock clásico de valence. Dañó de forma directa la credibilidad del PP y abrió la ventana institucional para la moción de censura.,5,Alta,https://www.reuters.com/site-search/?query=Spain+court+ruling+G%C3%BCrtel+case+May+2018 | https://es.wikipedia.org/wiki/Caso_G%C3%BCrtel | https://www.poderjudicial.es/
ESP-004,2018-06-01,2018,Moción de censura a Rajoy y llegada de Sánchez a La Moncloa,Institucional/gobernabilidad,Nacional,gobernabilidad,Pedro Sánchez ganó la moción de censura contra Mariano Rajoy y pasó a encabezar un gobierno socialista en minoría.,"PSOE, PP, Unidas Podemos, Ciudadanos, PNV",PSOE (+); PP (-); Unidas Podemos (+); Ciudadanos (-); PNV (+),"Reordenó todo el sistema de competición. El PSOE recuperó centralidad, el PP quedó asociado a la corrupción y Ciudadanos perdió parte de su ventaja como alternativa principal.",5,Alta,https://www.reuters.com/site-search/?query=Rajoy+no+confidence+Sanchez+June+2018+Spain | https://es.wikipedia.org/wiki/Moci%C3%B3n_de_censura_contra_Mariano_Rajoy_de_2018 | https://www.congreso.es/
ESP-005,2018-06-17,2018,Crisis del Aquarius y giro de España como destino humanitario,Inmigración/seguridad,Nacional,inmigración,El Gobierno autorizó la acogida del Aquarius y situó la política migratoria en el centro de la agenda europea y doméstica.,"PSOE, PP, Vox",PSOE (mixto); PP (+); Vox (+),"El gesto reforzó el perfil humanitario del PSOE en la izquierda, pero también ayudó a activar el eje inmigración-identidad que más tarde benefició a la derecha dura.",3,Media,https://www.reuters.com/site-search/?query=Aquarius+Spain+June+2018+Sanchez | https://www.lamoncloa.gob.es/ | https://es.wikipedia.org/wiki/Aquarius_(barco)
ESP-006,2018-07-21,2018,Pablo Casado gana las primarias del PP,Liderazgo partidario,Nacional,liderazgo y credibilidad,Pablo Casado se impuso a Soraya Sáenz de Santamaría y asumió el liderazgo del PP tras la caída de Rajoy.,"PP, Ciudadanos, Vox",PP (+); Ciudadanos (-); Vox (mixto),"La renovación podía frenar la fuga de votantes al centro, pero también endureció el perfil ideológico del PP y abrió competencia con Vox en el mismo espacio.",4,Media,https://www.reuters.com/site-search/?query=Pablo+Casado+wins+PP+leadership+July+2018 | https://es.wikipedia.org/wiki/Pablo_Casado | https://www.pp.es/
ESP-007,2018-08-24,2018,El Gobierno aprueba el decreto para exhumar a Franco,Identidad/memoria,Nacional,movilización ideológica,El Consejo de Ministros aprobó el decreto para sacar los restos de Franco del Valle de los Caídos.,"PSOE, PP, Vox, Ciudadanos",PSOE (+); PP/Vox (+); Ciudadanos (-),"La memoria histórica favoreció al PSOE entre votantes progresistas, pero también activó una movilización reactiva en la derecha que benefició especialmente a Vox y dejó más incómodo a Ciudadanos.",3,Media,https://www.reuters.com/site-search/?query=Spain+approves+decree+exhume+Franco+August+2018 | https://www.lamoncloa.gob.es/ | https://es.wikipedia.org/wiki/Exhumaci%C3%B3n_de_Francisco_Franco
ESP-008,2018-09-11,2018,Dimisión de Carmen Montón por sus estudios de máster,Corrupción/escándalo,Nacional,liderazgo y credibilidad,"La ministra de Sanidad dimitió por irregularidades en un máster, sumando desgaste reputacional al primer Gobierno Sánchez.","PSOE, PP, Ciudadanos",PSOE (-); PP (+); Ciudadanos (+),Debilitó el argumento de regeneración del nuevo Ejecutivo y facilitó a la oposición igualar simbólicamente los casos académicos del PSOE y del PP.,3,Alta,https://www.reuters.com/site-search/?query=Carmen+Monton+resigns+master+Spain+September+2018 | https://es.wikipedia.org/wiki/Carmen_Mont%C3%B3n | https://www.lamoncloa.gob.es/
ESP-009,2018-09-13,2018,Polémica por la tesis doctoral de Pedro Sánchez,Liderazgo partidario,Nacional,liderazgo y credibilidad,La controversia sobre la tesis doctoral del presidente escaló durante semanas y alimentó el choque político entre bloques.,"PSOE, PP, Ciudadanos, Vox",PSOE (-); PP (+); Ciudadanos (+); Vox (+),La polémica erosionó la confianza personal en Sánchez y permitió a la derecha insistir en un marco de credibilidad y ejemplaridad.,3,Media,https://www.reuters.com/site-search/?query=Pedro+Sanchez+thesis+controversy+September+2018+Spain | https://es.wikipedia.org/wiki/Pedro_S%C3%A1nchez | https://www.lamoncloa.gob.es/
ESP-010,2018-12-02,2018,Elecciones andaluzas: irrupción de Vox y cambio de bloque,Elecciones/resultados,Autonómico con spillover nacional,competencia intrabloque derecha,Por primera vez Vox entró con fuerza en una cámara autonómica y permitió un cambio de mayoría en Andalucía.,"PSOE, PP, Vox, Ciudadanos",Vox (++); PP (+); Ciudadanos (+); PSOE (-),El resultado normalizó a Vox como actor competitivo y anticipó la fragmentación estable de la derecha. También señaló fatiga del PSOE en uno de sus bastiones.,5,Alta,https://www.reuters.com/site-search/?query=Andalusia+election+Vox+breakthrough+December+2018+Spain | https://es.wikipedia.org/wiki/Elecciones_al_Parlamento_de_Andaluc%C3%ADa_de_2018 | https://www.infoelectoral.interior.gob.es/
ESP-011,2019-02-13,2019,El Congreso tumba los Presupuestos y se rompe la legislatura,Institucional/gobernabilidad,Nacional,gobernabilidad,Los Presupuestos del Gobierno fueron rechazados y quedó claro que Sánchez no podía sostener la legislatura con su mayoría de apoyos.,"PSOE, PP, Ciudadanos, Vox, ERC, Junts",PSOE (-); PP (+); Ciudadanos (+); Vox (+); ERC/Junts (+),La derrota proyectó debilidad de gobierno y devolvió protagonismo a los partidos de oposición y a los socios territoriales con capacidad de veto.,4,Alta,https://www.reuters.com/site-search/?query=Spain+budget+defeated+parliament+February+2019+Sanchez | https://www.congreso.es/ | https://www.boe.es/
ESP-012,2019-04-28,2019,Elecciones generales del 28A,Elecciones/resultados,Nacional,gobernabilidad,"El PSOE ganó las elecciones generales, el PP evitó el colapso total y Vox entró con fuerza en el Congreso.","PSOE, PP, Vox, Ciudadanos, Unidas Podemos",PSOE (+); Vox (+); Ciudadanos (+); PP (mixto); Unidas Podemos (-),"El 28A consolidó un sistema multipartidista con bloques más claros. El PSOE emergió como partido central, mientras Vox logró legitimación nacional.",5,Alta,https://www.reuters.com/site-search/?query=Spain+general+election+April+2019+results | https://es.wikipedia.org/wiki/Elecciones_generales_de_Espa%C3%B1a_de_abril_de_2019 | https://www.infoelectoral.interior.gob.es/
ESP-013,2019-05-26,2019,"Triple cita municipal, autonómica y europea",Elecciones/resultados,Nacional,competencia intrabloque,"Las elecciones del 26M repartieron poder territorial y abrieron pactos entre PP, Ciudadanos y Vox en varias instituciones.","PSOE, PP, Ciudadanos, Vox, Unidas Podemos",PP (+); Vox (+); PSOE (mixto); Ciudadanos (mixto); Unidas Podemos (-),El poder territorial dio oxígeno al bloque de derechas y anticipó una política más basada en coaliciones y pactos postelectorales.,4,Alta,https://www.reuters.com/site-search/?query=Spain+local+regional+European+elections+May+2019+pacts | https://www.infoelectoral.interior.gob.es/ | https://es.wikipedia.org/wiki/Elecciones_municipales_de_Espa%C3%B1a_de_2019
ESP-014,2019-07-25,2019,Fracasa la investidura de Sánchez por ruptura con Unidas Podemos,Institucional/gobernabilidad,Nacional,competencia intrabloque izquierda,Las negociaciones entre PSOE y Unidas Podemos colapsaron y la investidura quedó fallida.,"PSOE, Unidas Podemos, PP, Vox, Ciudadanos",PSOE (-); Unidas Podemos (-); PP (+); Vox (+); Ciudadanos (+),La imagen de bloqueo y de disputa por cargos penalizó al bloque progresista y elevó el coste electoral de la descoordinación en la izquierda.,4,Alta,https://www.reuters.com/site-search/?query=Spain+failed+investiture+July+2019+PSOE+Podemos | https://www.congreso.es/ | https://es.wikipedia.org/wiki/XIV_legislatura_de_Espa%C3%B1a
ESP-015,2019-09-17,2019,Se convocan nuevas elecciones para el 10N,Institucional/gobernabilidad,Nacional,gobernabilidad,"Ante la imposibilidad de formar gobierno, España fue abocada a una repetición electoral en noviembre.","PSOE, Unidas Podemos, PP, Vox, Ciudadanos",PSOE (-); Unidas Podemos (-); PP (+); Vox (+); Ciudadanos (mixto),La repetición reforzó la fatiga ciudadana con el bloqueo y abrió la puerta a castigar a quienes fueran percibidos como responsables.,4,Alta,https://www.reuters.com/site-search/?query=Spain+repeat+election+called+September+2019 | https://www.congreso.es/ | https://www.infoelectoral.interior.gob.es/
ESP-016,2019-10-14,2019,Sentencia del procés y disturbios en Cataluña,Justicia/territorial,Nacional,territorial,El Tribunal Supremo condenó a los líderes del procés y se produjeron protestas intensas en Cataluña.,"PSOE, PP, Vox, Ciudadanos, ERC, Junts",PP (+); Vox (+); Ciudadanos (+); PSOE (-); ERC (+); Junts (+),"La cuestión territorial volvió a dominar la agenda y suele favorecer a los partidos con posiciones más nítidas, tanto en el unionismo como en el independentismo.",5,Alta,https://www.reuters.com/site-search/?query=Spain+Catalan+separatist+leaders+sentenced+October+2019 | https://www.poderjudicial.es/ | https://es.wikipedia.org/wiki/Juicio_del_proc%C3%A9s
ESP-017,2019-10-24,2019,Exhumación de Franco,Identidad/memoria,Nacional,movilización ideológica,El Gobierno culminó la exhumación de Franco del Valle de los Caídos tras meses de batalla política y judicial.,"PSOE, PP, Vox, Ciudadanos",PSOE (+); Vox (+); PP (mixto); Ciudadanos (-),"El PSOE activó a parte de su base con una decisión simbólica, mientras la derecha más dura encontró un nuevo vector de polarización identitaria.",3,Media,https://www.reuters.com/site-search/?query=Franco+exhumed+Spain+October+2019 | https://www.lamoncloa.gob.es/ | https://es.wikipedia.org/wiki/Exhumaci%C3%B3n_de_Francisco_Franco
ESP-018,2019-11-10,2019,Elecciones generales del 10N,Elecciones/resultados,Nacional,gobernabilidad,"La repetición electoral reforzó al PP y a Vox, hundió a Ciudadanos y debilitó la posición negociadora del PSOE y de Unidas Podemos.","PSOE, PP, Vox, Ciudadanos, Unidas Podemos",PP (+); Vox (++); Ciudadanos (--); PSOE (-); Unidas Podemos (-),El castigo al bloqueo fue muy asimétrico. Ciudadanos quedó casi desintegrado y Vox se consolidó como tercer actor del sistema.,5,Alta,https://www.reuters.com/site-search/?query=Spain+election+November+2019+results+Vox+Ciudadanos | https://es.wikipedia.org/wiki/Elecciones_generales_de_Espa%C3%B1a_de_noviembre_de_2019 | https://www.infoelectoral.interior.gob.es/
ESP-019,2019-11-12,2019,Preacuerdo exprés entre PSOE y Unidas Podemos para gobernar,Pactos/coaliciones,Nacional,gobernabilidad,"Dos días después del 10N, PSOE y Unidas Podemos sellaron un preacuerdo para formar el primer gobierno de coalición de la democracia reciente.","PSOE, Unidas Podemos, PP, Vox",PSOE (+); Unidas Podemos (+); PP/Vox (+),"El pacto redujo el coste del bloqueo para la izquierda, pero también dio a la derecha una diana clara contra un gobierno de coalición apoyado por socios nacionalistas.",4,Alta,https://www.reuters.com/site-search/?query=PSOE+Unidas+Podemos+coalition+agreement+November+2019 | https://www.lamoncloa.gob.es/ | https://www.congreso.es/
ESP-020,2020-01-07,2020,Investidura ajustada de Sánchez y primer gobierno de coalición,Pactos/coaliciones,Nacional,gobernabilidad,Pedro Sánchez fue investido por estrecho margen y arrancó el primer gobierno de coalición estatal entre PSOE y Unidas Podemos.,"PSOE, Unidas Podemos, PP, Vox, ERC, EH Bildu, PNV",PSOE (+); Unidas Podemos (+); PP (+); Vox (+); ERC/Bildu/PNV (+),"El acceso al gobierno reforzó a la izquierda gobernante y a sus socios parlamentarios, pero también intensificó la polarización y dio a PP y Vox una narrativa de ilegitimidad política.",5,Alta,https://www.reuters.com/site-search/?query=Spain+Sanchez+investiture+January+2020+coalition | https://www.congreso.es/ | https://www.lamoncloa.gob.es/
ESP-021,2020-03-14,2020,Estado de alarma por la COVID-19,Gestión de crisis,Nacional,gestión de crisis,España decretó el estado de alarma para frenar la pandemia y centralizó decisiones excepcionales de salud pública y movilidad.,"PSOE, Unidas Podemos, PP, Vox",PSOE/Unidas Podemos (mixto); PP/Vox (+ a medio plazo),"En el corto plazo hubo cierto cierre de filas institucional, pero conforme avanzó la pandemia la evaluación de gestión se convirtió en un terreno de desgaste para el gobierno.",5,Alta,https://www.reuters.com/site-search/?query=Spain+state+of+alarm+COVID+March+2020 | https://www.boe.es/eli/es/rd/2020/03/14/463 | https://es.wikipedia.org/wiki/Pandemia_de_COVID-19_en_Espa%C3%B1a
ESP-022,2020-08-03,2020,Juan Carlos I abandona España,Institucional/monarquía,Nacional,identidad institucional,La salida del rey emérito en plena controversia por sus finanzas reabrió el debate sobre la Corona y sus costes políticos.,"PSOE, Unidas Podemos, PP, Vox",PSOE (mixto); Unidas Podemos (+); PP (+); Vox (+),"El episodio afectó de forma distinta según el eje monarquía-república. Unidas Podemos pudo enfatizar su crítica institucional, mientras PP y Vox reforzaron la defensa de la Corona ante su electorado.",3,Media,https://www.reuters.com/site-search/?query=Juan+Carlos+leaves+Spain+August+2020 | https://www.casareal.es/ | https://es.wikipedia.org/wiki/Juan_Carlos_I_de_Espa%C3%B1a
ESP-023,2020-10-22,2020,Fracasa la moción de censura de Vox y Casado rompe con Abascal,Institucional/gobernabilidad,Nacional,competencia intrabloque derecha,La moción impulsada por Vox fue derrotada y Pablo Casado aprovechó el debate para marcar distancias con Santiago Abascal.,"PP, Vox, Ciudadanos",PP (+); Vox (-); Ciudadanos (-),El debate permitió al PP recuperar parte del espacio de oposición institucional y presentar a Vox como actor testimonial y poco eficaz.,4,Alta,https://www.reuters.com/site-search/?query=Vox+no+confidence+motion+fails+Casado+breaks+October+2020+Spain | https://www.congreso.es/ | https://es.wikipedia.org/wiki/Moci%C3%B3n_de_censura_contra_Pedro_S%C3%A1nchez_de_2020
ESP-024,2020-10-25,2020,Segundo estado de alarma y fatiga pandémica,Gestión de crisis,Nacional,gestión de crisis,El Gobierno declaró un segundo estado de alarma de larga duración para gestionar la segunda ola de la pandemia.,"PSOE, Unidas Podemos, PP, Vox",PSOE/Unidas Podemos (mixto-negativo); PP (+); Vox (+),La prolongación de restricciones y la sensación de cansancio institucional alimentaron el marco de desgaste del gobierno y fortalecieron a la oposición.,4,Alta,https://www.reuters.com/site-search/?query=Spain+second+state+of+alarm+October+2020 | https://www.boe.es/ | https://es.wikipedia.org/wiki/Pandemia_de_COVID-19_en_Espa%C3%B1a
ESP-025,2020-12-03,2020,Presupuestos de 2021 con apoyo de ERC y EH Bildu,Pactos/coaliciones,Nacional,gobernabilidad,Las cuentas de 2021 consolidaron el bloque de investidura y mostraron que el Gobierno podía aprobar su agenda pese a la minoría.,"PSOE, Unidas Podemos, PP, Vox, ERC, EH Bildu, Ciudadanos",PSOE (+); Unidas Podemos (+); ERC (+); EH Bildu (+); PP/Vox (+); Ciudadanos (-),"Aumentó la credibilidad de la legislatura para la izquierda y sus socios, pero a la vez ofreció a la derecha un blanco movilizador al vincular al Gobierno con Bildu.",4,Alta,https://www.reuters.com/site-search/?query=Spain+2021+budget+ERC+Bildu+December+2020 | https://www.congreso.es/ | https://www.boe.es/
ESP-026,2021-03-10,2021,Terremoto político en Murcia y adelanto electoral en Madrid,Liderazgo partidario,Nacional,competencia intrabloque,La moción en Murcia y la reacción de Ayuso detonaron una reordenación del centro-derecha y precipitaron elecciones en Madrid.,"PP, Ciudadanos, PSOE, Unidas Podemos",PP (+); Ciudadanos (--); PSOE (mixto); Unidas Podemos (mixto),El episodio reforzó la idea de que Ciudadanos era inviable como partido bisagra y dio al PP una oportunidad de concentración del voto.,4,Alta,https://www.reuters.com/site-search/?query=Murcia+political+crisis+Ayuso+snap+election+March+2021+Spain | https://www.asambleamadrid.es/ | https://es.wikipedia.org/wiki/Crisis_pol%C3%ADtica_en_la_Regi%C3%B3n_de_Murcia_de_2021
ESP-027,2021-05-04,2021,"Elecciones madrileñas: triunfo de Ayuso, hundimiento de Cs y salida de Iglesias",Elecciones/resultados,Autonómico con spillover nacional,competencia intrabloque,"Ayuso ganó con claridad en Madrid, Ciudadanos desapareció de la Asamblea y Pablo Iglesias anunció su retirada política.","PP, Vox, Ciudadanos, PSOE, Unidas Podemos, Más Madrid",PP (++); Vox (+); Ciudadanos (--); PSOE (-); Unidas Podemos (--); Más Madrid (+),"Madrid actuó como laboratorio nacional. Consolidó el liderazgo competitivo del PP, aceleró el final de Ciudadanos y dejó tocada la oferta de la izquierda estatal.",5,Alta,https://www.reuters.com/site-search/?query=Madrid+election+Ayuso+May+2021+Iglesias+Ciudadanos | https://es.wikipedia.org/wiki/Elecciones_a_la_Asamblea_de_Madrid_de_2021 | https://www.infoelectoral.interior.gob.es/
ESP-028,2021-05-18,2021,Crisis migratoria de Ceuta,Inmigración/seguridad,Nacional,inmigración,La entrada masiva de migrantes en Ceuta desató una crisis fronteriza con Marruecos y colocó la seguridad de fronteras en el centro del debate.,"PSOE, Unidas Podemos, PP, Vox",PSOE (-); PP (+); Vox (+); Unidas Podemos (mixto),Los episodios de alta visibilidad en fronteras suelen beneficiar a partidos con posiciones más duras sobre control migratorio y castigar al incumbente por percepción de descontrol.,4,Alta,https://www.reuters.com/site-search/?query=Ceuta+migrant+crisis+May+2021+Spain | https://www.lamoncloa.gob.es/ | https://es.wikipedia.org/wiki/Crisis_migratoria_en_Ceuta_de_2021
ESP-029,2021-06-22,2021,Indultos a los líderes del procés,Justicia/territorial,Nacional,territorial,El Gobierno concedió indultos parciales a los líderes independentistas condenados por el procés.,"PSOE, PP, Vox, Ciudadanos, ERC, Junts",PSOE (mixto); PP (+); Vox (+); Ciudadanos (+); ERC (+); Junts (mixto),"Los indultos ayudaron a recomponer puentes con ERC y parte del electorado catalán moderado, pero activaron una fuerte reacción en el voto unionista y conservador.",5,Alta,https://www.reuters.com/site-search/?query=Spain+pardons+Catalan+separatist+leaders+June+2021 | https://www.lamoncloa.gob.es/ | https://www.boe.es/
ESP-030,2021-07-10,2021,Gran remodelación del Gobierno Sánchez,Liderazgo partidario,Nacional,liderazgo y credibilidad,Sánchez relevó a varios ministros clave y buscó relanzar la legislatura con un perfil más político.,"PSOE, Unidas Podemos, PP, Vox",PSOE (+); Unidas Podemos (-); PP/Vox (mixto),"El movimiento fue leído como intento de reset, útil para el PSOE si lograba recuperar agenda, pero también como reconocimiento de desgaste acumulado.",3,Media,https://www.reuters.com/site-search/?query=Spain+Sanchez+cabinet+reshuffle+July+2021 | https://www.lamoncloa.gob.es/ | https://es.wikipedia.org/wiki/XIV_legislatura_de_Espa%C3%B1a
ESP-031,2021-09-14,2021,Crisis del precio de la luz y plan de choque del Gobierno,Economía/coste de vida,Nacional,economía y coste de vida,La subida histórica del precio de la electricidad obligó al Gobierno a anunciar medidas de emergencia y abrió un frente económico de gran visibilidad.,"PSOE, Unidas Podemos, PP, Vox",PSOE (-); Unidas Podemos (mixto); PP (+); Vox (+),"Cuando el coste de vida domina la agenda, el incumbente suele pagar una prima negativa si las soluciones no son percibidas como suficientes o inmediatas.",4,Alta,https://www.reuters.com/site-search/?query=Spain+electricity+prices+emergency+measures+September+2021 | https://www.boe.es/ | https://www.lamoncloa.gob.es/
ESP-032,2022-02-13,2022,Castilla y León abre la puerta al primer gobierno PP-Vox,Elecciones/resultados,Autonómico con spillover nacional,competencia intrabloque derecha,Las elecciones dejaron a Vox como socio imprescindible del PP y prepararon el primer acuerdo de gobierno entre ambos partidos.,"PP, Vox, PSOE, Ciudadanos",Vox (++); PP (+); PSOE (-); Ciudadanos (--),La entrada de Vox en la gobernabilidad autonómica normalizó su papel como socio potencial y mostró el colapso casi terminal de Ciudadanos.,5,Alta,https://www.reuters.com/site-search/?query=Castile+Leon+election+Vox+coalition+February+2022+Spain | https://es.wikipedia.org/wiki/Elecciones_a_las_Cortes_de_Castilla_y_Le%C3%B3n_de_2022 | https://www.infoelectoral.interior.gob.es/
ESP-033,2022-02-23,2022,Caída de Casado tras la guerra con Ayuso,Liderazgo partidario,Nacional,liderazgo y credibilidad,La crisis entre Casado y Ayuso acabó con la salida del líder del PP y abrió paso a un relevo acelerado.,"PP, Vox, PSOE, Ciudadanos",PP (mixto); Vox (+ corto plazo); PSOE (+ corto plazo); Ciudadanos (-),"La guerra interna dañó al PP en el corto plazo, pero a la vez permitió una renovación que luego facilitó su reunificación bajo Feijóo.",5,Alta,https://www.reuters.com/site-search/?query=Casado+quits+Ayuso+crisis+February+2022+Spain | https://www.pp.es/ | https://es.wikipedia.org/wiki/Crisis_interna_del_Partido_Popular_de_2022
ESP-034,2022-02-24,2022,"Guerra de Ucrania, inflación y shock energético",Economía/coste de vida,UE/internacional con spillover nacional,economía y coste de vida,"La invasión rusa de Ucrania disparó inflación y costes energéticos, condicionando toda la política económica española.","PSOE, Unidas Podemos, PP, Vox",PSOE/Unidas Podemos (-); PP (+); Vox (+),"Los shocks de precios suelen penalizar a gobiernos en ejercicio, incluso cuando el origen es externo, y benefician a la oposición en el eje coste de vida.",5,Alta,https://www.reuters.com/site-search/?query=Spain+inflation+Ukraine+war+2022+Reuters | https://www.bde.es/ | https://www.lamoncloa.gob.es/
ESP-035,2022-03-18,2022,Giro del Gobierno sobre el Sáhara Occidental,Justicia/territorial,Nacional,competencia centro-periferia,"Sánchez respaldó el plan de autonomía marroquí para el Sáhara y abrió un choque con socios de coalición, Argelia y parte de su base.","PSOE, Unidas Podemos, PP, ERC, EH Bildu",PSOE (-); Unidas Podemos (-); ERC/EH Bildu (+ de presión); PP (mixto),"El cambio dañó cohesión interna y credibilidad programática del Gobierno entre votantes progresistas e internacionalistas, a la vez que tensó relaciones con sus socios parlamentarios.",4,Alta,https://www.reuters.com/site-search/?query=Spain+Sahara+Morocco+shift+March+2022+Sanchez | https://www.lamoncloa.gob.es/ | https://www.congreso.es/
ESP-036,2022-04-02,2022,Feijóo asume el liderazgo nacional del PP,Liderazgo partidario,Nacional,liderazgo y credibilidad,Alberto Núñez Feijóo fue elegido presidente del PP con el objetivo de reunificar al partido y presentarlo como alternativa de gobierno.,"PP, Vox, PSOE, Ciudadanos",PP (+); Vox (-); PSOE (-); Ciudadanos (-),El relevo mejoró la percepción de solvencia del PP y atrajo voto útil tanto del centro como de una parte de la derecha que dudaba entre PP y Vox.,4,Alta,https://www.reuters.com/site-search/?query=Feijoo+elected+PP+leader+April+2022 | https://www.pp.es/ | https://es.wikipedia.org/wiki/Alberto_N%C3%BA%C3%B1ez_Feij%C3%B3o
ESP-037,2022-05-02,2022,Caso Pegasus y destitución de la directora del CNI,Corrupción/escándalo,Nacional,territorial,Las revelaciones sobre espionaje con Pegasus a líderes independentistas y al propio Sánchez deterioraron la relación del Gobierno con ERC y otros socios.,"PSOE, Unidas Podemos, PP, Vox, ERC, Junts",PSOE (-); ERC (+); Junts (+); PP/Vox (+); Unidas Podemos (-),"La crisis mezcló seguridad, derechos y confianza entre aliados. Penalizó al Gobierno por pérdida de control y reforzó el poder de negociación de los partidos independentistas.",4,Alta,https://www.reuters.com/site-search/?query=Spain+Pegasus+scandal+May+2022+Sanchez+CNI | https://www.lamoncloa.gob.es/ | https://www.congreso.es/
ESP-038,2022-06-19,2022,Mayoría absoluta del PP en Andalucía,Elecciones/resultados,Autonómico con spillover nacional,competencia intrabloque derecha,"Juanma Moreno logró mayoría absoluta, el PSOE volvió a quedar lejos y Vox no pudo capitalizar tanto como esperaba.","PP, PSOE, Vox, Ciudadanos, Unidas Podemos",PP (++); PSOE (-); Vox (-); Ciudadanos (--); Unidas Podemos (-),"Andalucía reforzó la tesis de que el PP podía crecer absorbiendo al centro y contener a Vox, una señal muy importante para las generales de 2023.",5,Alta,https://www.reuters.com/site-search/?query=Andalusia+election+absolute+majority+PP+June+2022 | https://es.wikipedia.org/wiki/Elecciones_al_Parlamento_de_Andaluc%C3%ADa_de_2022 | https://www.infoelectoral.interior.gob.es/
ESP-039,2022-06-24,2022,Tragedia de Melilla,Gestión de crisis,Nacional,inmigración,La muerte de decenas de personas en la valla de Melilla generó una fuerte controversia sobre la actuación policial y la respuesta del Gobierno.,"PSOE, Unidas Podemos, PP, Vox",PSOE (-); Unidas Podemos (-); Vox (+); PP (mixto),"El episodio abrió una brecha entre el Gobierno y su electorado progresista en derechos humanos, mientras la derecha encontró un marco de control fronterizo y orden.",4,Alta,https://www.reuters.com/site-search/?query=Melilla+border+deaths+June+2022+Spain | https://www.lamoncloa.gob.es/ | https://www.congreso.es/
ESP-040,2022-07-12,2022,Anuncio del impuesto extraordinario a banca y energéticas,Economía/coste de vida,Nacional,economía y coste de vida,El Gobierno anunció nuevos gravámenes extraordinarios a banca y energéticas para responder a la crisis de precios.,"PSOE, Unidas Podemos, PP, Vox",PSOE (+); Unidas Podemos (+); PP/Vox (-),Sirvió para reactivar una agenda redistributiva útil para la izquierda y para subrayar diferencias ideológicas claras con PP y Vox en un contexto de inflación.,3,Media,https://www.reuters.com/site-search/?query=Spain+windfall+tax+banks+energy+July+2022 | https://www.lamoncloa.gob.es/ | https://www.boe.es/
ESP-041,2022-08-25,2022,Aprobación final de la ley del solo sí es sí,Agenda social,Nacional,movilización ideológica,"El Congreso dio luz verde a la ley del consentimiento, una de las principales banderas del Ministerio de Igualdad.","PSOE, Unidas Podemos, PP, Vox",Unidas Podemos (+); PSOE (+); PP/Vox (+ reactivo),"En su aprobación inicial reforzó la identidad feminista del bloque de gobierno, aunque también activó oposición intensa en la derecha y elevó el coste de cualquier error posterior.",3,Media,https://www.reuters.com/site-search/?query=Spain+only+yes+means+yes+law+approved+August+2022 | https://www.boe.es/ | https://www.congreso.es/
ESP-042,2022-11-16,2022,Rebajas de condena por la ley del solo sí es sí,Corrupción/escándalo,Nacional,liderazgo y credibilidad,Las primeras revisiones a la baja de penas a agresores sexuales cambiaron por completo la lectura política de la ley.,"PSOE, Unidas Podemos, PP, Vox",PSOE (-); Unidas Podemos (--); PP (+); Vox (+),"Fue un shock muy dañino porque combinó alta visibilidad mediática con un tema sensible y claro ownership del bloque de gobierno, en especial de Unidas Podemos.",5,Alta,https://www.reuters.com/site-search/?query=Spain+sentence+reductions+only+yes+means+yes+November+2022 | https://www.poderjudicial.es/ | https://www.boe.es/
ESP-043,2022-12-22,2022,Derogación de la sedición y reforma de la malversación,Justicia/territorial,Nacional,territorial,"La mayoría parlamentaria aprobó la reforma penal pactada con socios independentistas, eliminando la sedición y tocando la malversación.","PSOE, PP, Vox, ERC, Junts, Ciudadanos",PSOE (mixto); PP/Vox (+); ERC (+); Junts (+); Ciudadanos (+),"La reforma mejoró la relación del Gobierno con sus socios territoriales, pero reactivó la acusación opositora de cesiones al independentismo y el debate sobre igualdad ante la ley.",5,Alta,https://www.reuters.com/site-search/?query=Spain+sedition+repeal+malversation+reform+December+2022 | https://www.congreso.es/ | https://www.boe.es/
ESP-044,2023-03-21,2023,Fracasa la moción de censura de Vox con Ramón Tamames,Institucional/gobernabilidad,Nacional,competencia intrabloque derecha,"La segunda moción de censura de Vox fue derrotada y el PP evitó liderarla, manteniendo una posición más táctica.","Vox, PP, PSOE",Vox (-); PP (+); PSOE (+),La iniciativa visibilizó a Vox pero subrayó su aislamiento parlamentario. El PP pudo preservar una imagen más presidencial sin asumir el coste de una operación fallida.,3,Alta,https://www.reuters.com/site-search/?query=Tamames+motion+no+confidence+Vox+March+2023+Spain | https://www.congreso.es/ | https://es.wikipedia.org/wiki/Moci%C3%B3n_de_censura_contra_Pedro_S%C3%A1nchez_de_2023
ESP-045,2023-05-28,2023,28M: retroceso del PSOE y avance territorial del PP y Vox,Elecciones/resultados,Nacional,competencia intrabloque,"Las municipales y autonómicas del 28M dejaron un claro avance del PP, fuerte presencia de Vox y hundimiento casi definitivo de Ciudadanos.","PSOE, PP, Vox, Sumar, Podemos, Ciudadanos",PP (++); Vox (+); PSOE (--); Ciudadanos (--); Sumar/Podemos (-),Fue el principal desencadenante de la convocatoria del 23J. Reforzó la percepción de cambio de ciclo y de concentración del voto en la derecha.,5,Alta,https://www.reuters.com/site-search/?query=Spain+local+regional+elections+May+2023+PP+PSOE+Vox | https://www.infoelectoral.interior.gob.es/ | https://es.wikipedia.org/wiki/Elecciones_auton%C3%B3micas_de_Espa%C3%B1a_de_2023
ESP-046,2023-05-29,2023,Sánchez convoca elecciones generales anticipadas para el 23J,Liderazgo partidario,Nacional,liderazgo y credibilidad,"Un día después del 28M, Sánchez disolvió las Cortes y sorprendió al sistema con un adelanto electoral pleno verano.","PSOE, PP, Vox, Sumar, Podemos",PSOE (+); PP/Vox (mixto); Sumar/Podemos (- por urgencia),La convocatoria alteró la inercia posterior al 28M. Dio al PSOE la iniciativa narrativa y forzó una rápida reagrupación de la izquierda.,4,Alta,https://www.reuters.com/site-search/?query=Sanchez+calls+snap+election+May+2023+Spain | https://www.lamoncloa.gob.es/ | https://www.congreso.es/
ESP-047,2023-06-09,2023,Acuerdo Sumar-Podemos para concurrir al 23J,Pactos/coaliciones,Nacional,competencia intrabloque izquierda,"Tras días de negociación, Sumar y Podemos cerraron un acuerdo que evitó una división total del espacio a la izquierda del PSOE.","Sumar, Podemos, PSOE, PP, Vox",Sumar (+); PSOE (+); Podemos (mixto); PP/Vox (-),La unificación parcial redujo el riesgo de pérdida de escaños por fragmentación y devolvió cierta competitividad al bloque progresista.,4,Alta,https://www.reuters.com/site-search/?query=Sumar+Podemos+deal+June+2023+Spain+election | https://www.congreso.es/ | https://es.wikipedia.org/wiki/Movimiento_Sumar
ESP-048,2023-07-23,2023,Elecciones generales del 23J y Parlamento bloqueado,Elecciones/resultados,Nacional,gobernabilidad,"El PP ganó en votos y escaños, pero el bloque PP-Vox no alcanzó mayoría y el PSOE resistió mejor de lo previsto.","PP, PSOE, Vox, Sumar, Junts, ERC, PNV, EH Bildu",PSOE (+); PP (mixto); Vox (-); Sumar (-); Junts/PNV/Bildu/ERC (+),El resultado frustró la expectativa de cambio automático y otorgó a los partidos periféricos y a Junts un enorme poder de arbitraje.,5,Alta,https://www.reuters.com/site-search/?query=Spain+election+July+2023+hung+parliament | https://es.wikipedia.org/wiki/Elecciones_generales_de_Espa%C3%B1a_de_2023 | https://www.infoelectoral.interior.gob.es/
ESP-049,2023-08-17,2023,Francina Armengol preside el Congreso con apoyo independentista,Pactos/coaliciones,Nacional,gobernabilidad,La elección de Armengol confirmó que Sánchez tenía opciones reales de reeditar la mayoría de investidura.,"PSOE, PP, Junts, ERC, EH Bildu, PNV",PSOE (+); Junts/ERC/Bildu/PNV (+); PP (-),Fue una señal temprana y visible de que el bloque alternativo de Feijóo era insuficiente y de que el coste de negociación recaería en el PSOE con sus socios.,4,Alta,https://www.reuters.com/site-search/?query=Armengol+speaker+of+parliament+August+2023+Spain | https://www.congreso.es/ | https://www.lamoncloa.gob.es/
ESP-050,2023-09-27,2023,Feijóo fracasa en la investidura,Institucional/gobernabilidad,Nacional,gobernabilidad,El líder del PP no consiguió apoyos suficientes para ser presidente y quedó despejada la ruta para una investidura de Sánchez.,"PP, PSOE, Vox, Junts, PNV, ERC, EH Bildu",PSOE (+); PP (-); Vox (-); Junts/PNV/ERC/Bildu (+),El fracaso debilitó la narrativa de inevitabilidad del PP y aumentó el valor estratégico de los partidos que podían hacer presidente a Sánchez.,4,Alta,https://www.reuters.com/site-search/?query=Feijoo+investiture+fails+September+2023+Spain | https://www.congreso.es/ | https://www.pp.es/
ESP-051,2023-10-28,2023,Sánchez asume públicamente la amnistía,Justicia/territorial,Nacional,territorial,Sánchez defendió de forma explícita la amnistía como fórmula para la convivencia y la investidura.,"PSOE, PP, Vox, Junts, ERC, Sumar",PSOE (mixto); PP (+); Vox (+); Junts/ERC (+); Sumar (+),"La toma de posición aclaró el intercambio político con Junts y ERC. Consolidó el bloque de investidura, pero disparó la polarización en el resto de España.",4,Alta,https://www.reuters.com/site-search/?query=Sanchez+amnesty+Catalan+separatists+October+2023+Spain | https://www.lamoncloa.gob.es/ | https://www.congreso.es/
ESP-052,2023-11-09,2023,Pacto PSOE-Junts para la amnistía,Pactos/coaliciones,Nacional,gobernabilidad,El acuerdo con Junts desbloqueó la investidura y situó la amnistía como eje absoluto de la legislatura.,"PSOE, Junts, ERC, PP, Vox, Sumar",PSOE (+); Junts (++); ERC (mixto); PP/Vox (+); Sumar (+),"Junts logró el máximo poder de negociación posible y el PSOE obtuvo la posibilidad de gobernar, a costa de un fuerte coste reputacional entre parte del electorado no nacionalista.",5,Alta,https://www.reuters.com/site-search/?query=PSOE+Junts+amnesty+deal+November+2023 | https://www.congreso.es/ | https://www.lamoncloa.gob.es/
ESP-053,2023-11-12,2023,Protestas de Ferraz y ciclo de movilización contra la amnistía,Movilización/polarización,Nacional,movilización ideológica,Las concentraciones y disturbios en torno a la sede del PSOE simbolizaron el máximo pico de polarización tras el pacto de investidura.,"PSOE, PP, Vox, Sumar",PP (+); Vox (+); PSOE (mixto); Sumar (+/mixto),"Las protestas movilizaron a la derecha y obligaron al PSOE a cerrar filas con su bloque. En términos electorales, aumentaron la polarización y la lógica de bloques.",4,Media,https://www.reuters.com/site-search/?query=Ferraz+protests+amnesty+November+2023+Spain | https://www.interior.gob.es/ | https://www.psoe.es/
ESP-054,2023-11-16,2023,Sánchez logra la investidura y reedita la coalición,Pactos/coaliciones,Nacional,gobernabilidad,Pedro Sánchez fue investido de nuevo con apoyo de Sumar y de partidos nacionalistas e independentistas.,"PSOE, Sumar, Junts, ERC, EH Bildu, PNV, PP, Vox",PSOE (+); Sumar (+); Junts/ERC/Bildu/PNV (+); PP/Vox (+ oposición),"La investidura dio estabilidad inicial al bloque progresista, pero también cimentó una legislatura muy dependiente de socios pequeños y bajo altísima polarización.",5,Alta,https://www.reuters.com/site-search/?query=Sanchez+wins+investiture+November+2023+Spain | https://www.congreso.es/ | https://www.lamoncloa.gob.es/
ESP-055,2024-02-18,2024,Galicia: el PP retiene mayoría absoluta,Elecciones/resultados,Autonómico con spillover nacional,liderazgo y credibilidad,"El PP revalidó la mayoría absoluta en Galicia, el PSOE volvió a quedar lejos y Sumar se quedó fuera del parlamento gallego.","PP, PSOE, Sumar, Podemos, BNG",PP (+); PSOE (-); Sumar (-); Podemos (-); BNG (+),La victoria reforzó el liderazgo de Feijóo en su territorio y transmitió una señal de fortaleza orgánica del PP a escala nacional.,4,Alta,https://www.reuters.com/site-search/?query=Galicia+election+February+2024+PP+majority | https://www.resultadoseleccionsgalicia2024.gal/ | https://www.infoelectoral.interior.gob.es/
ESP-056,2024-02-21,2024,Estalla el caso Koldo y salpica a Ábalos y al PSOE,Corrupción/escándalo,Nacional,corrupción/valence,La investigación sobre comisiones en contratos de mascarillas durante la pandemia afectó al entorno de José Luis Ábalos y abrió un frente de corrupción para el PSOE.,"PSOE, PP, Vox, Sumar, Podemos",PSOE (--); PP (+); Vox (+); Sumar (mixto); Podemos (+/mixto),"Es un shock clásico de corrupción que erosiona al partido de gobierno, sobre todo cuando toca a figuras del círculo presidencial y contradice el marco de regeneración.",5,Alta,https://www.reuters.com/world/europe/spanish-ex-minister-refuses-calls-resign-over-alleged-mask-scandal-2024-02-27/ | https://www.congreso.es/ | https://www.psoe.es/
ESP-057,2024-03-13,2024,El Gobierno renuncia a presentar nuevos Presupuestos y prorroga los vigentes,Institucional/gobernabilidad,Nacional,gobernabilidad,"Ante la falta de apoyos suficientes, el Ejecutivo optó por prorrogar las cuentas, una señal visible de debilidad parlamentaria.","PSOE, Sumar, PP, Vox, Junts, ERC",PSOE (-); Sumar (-); PP/Vox (+); Junts/ERC (+),"La prórroga presupuestaria refuerza la idea de minoría frágil y eleva el poder de veto de los socios pequeños, con coste para la imagen de eficacia del Gobierno.",4,Alta,https://www.reuters.com/site-search/?query=Spain+government+drops+budget+2024+March+Sanchez | https://www.lamoncloa.gob.es/ | https://www.boe.es/
ESP-058,2024-03-14,2024,La amnistía supera su trámite decisivo en el Congreso,Justicia/territorial,Nacional,territorial,Junts retiró su veto al nuevo texto y la ley de amnistía superó el principal escollo parlamentario antes del Senado.,"PSOE, Sumar, Junts, ERC, PP, Vox",PSOE (+); Sumar (+); Junts/ERC (+); PP/Vox (+),"La aprobación acercó la estabilidad legislativa del Gobierno, pero mantuvo viva una fuente de movilización muy intensa para la oposición.",4,Alta,https://www.reuters.com/site-search/?query=Spain+amnesty+law+passes+Congress+March+2024 | https://www.congreso.es/ | https://www.lamoncloa.gob.es/
ESP-059,2024-04-21,2024,Elecciones vascas: empate PNV-Bildu y PSOE decisivo,Elecciones/resultados,Autonómico con spillover nacional,competencia centro-periferia,PNV y EH Bildu quedaron muy igualados en escaños y el PSE-EE volvió a ser clave para la formación de gobierno.,"PSOE, PNV, EH Bildu, PP, Vox",PSOE (+); EH Bildu (+); PNV (+/mixto); PP/Vox (-),El resultado reforzó la centralidad negociadora del PSOE y confirmó el crecimiento sostenido de Bildu como actor con influencia nacional.,4,Alta,https://www.reuters.com/site-search/?query=Basque+election+April+2024+PNV+Bildu+PSOE | https://www.euskadi.eus/elecciones-parlamento-vasco/ | https://www.infoelectoral.interior.gob.es/
ESP-060,2024-04-24,2024,Un juez abre causa sobre Begoña Gómez y Sánchez suspende agenda para reflexionar,Corrupción/escándalo,Nacional,liderazgo y credibilidad,La apertura de diligencias sobre la esposa del presidente llevó a Sánchez a apartarse unos días de la agenda pública para decidir si continuaba.,"PSOE, PP, Vox, Sumar",PSOE (-); PP (+); Vox (+); Sumar (+/mixto),"El episodio combinó sospecha ética, dramatización institucional y máxima exposición mediática. Dañó al PSOE, aunque también ofreció una posible oportunidad de movilización defensiva del bloque progresista.",5,Alta,https://www.reuters.com/world/europe/spain-pm-sanchez-says-he-is-suspending-public-duties-reflect-future-2024-04-24/ | https://www.poderjudicial.es/ | https://www.lamoncloa.gob.es/
ESP-061,2024-04-29,2024,Sánchez decide seguir al frente del Gobierno,Liderazgo partidario,Nacional,movilización ideológica,"Tras cinco días de incertidumbre, Sánchez anunció que continuaba como presidente y denunció una estrategia de acoso político y mediático.","PSOE, PP, Vox, Sumar",PSOE (+); Sumar (+); PP (-); Vox (-),"La decisión permitió al PSOE recentrar a su electorado, convertir la continuidad en una apelación emocional y reconstruir la cohesión del bloque progresista a corto plazo.",4,Media,https://www.reuters.com/site-search/?query=Sanchez+decides+to+stay+April+2024+Spain | https://www.lamoncloa.gob.es/ | https://www.psoe.es/
ESP-062,2024-05-12,2024,Cataluña: gana el PSC y el independentismo pierde la mayoría simbólica,Elecciones/resultados,Autonómico con spillover nacional,territorial,El PSC fue la fuerza más votada en Cataluña y el bloque independentista perdió empuje tras años de hegemonía.,"PSC-PSOE, Junts, ERC, PP, Comuns-Sumar",PSC-PSOE (++); Junts (-); ERC (-); PP (+); Comuns-Sumar (mixto),La victoria del PSC validó la estrategia de desinflamación territorial de Sánchez y debilitó a los actores independentistas más necesarios para la confrontación.,5,Alta,https://www.reuters.com/site-search/?query=Catalonia+election+May+2024+PSC+wins | https://resultats.eleccionsparlament.cat/ | https://www.infoelectoral.interior.gob.es/
ESP-063,2024-05-30,2024,Aprobación definitiva de la ley de amnistía,Justicia/territorial,Nacional,territorial,El Congreso aprobó definitivamente la ley de amnistía para los implicados en el procés tras superar el veto del Senado.,"PSOE, Sumar, Junts, ERC, PP, Vox",PSOE (+); Sumar (+); Junts/ERC (+); PP/Vox (+),"Convirtió una promesa de investidura en realidad institucional. Reforzó la relación del Gobierno con Junts y ERC, pero mantuvo vivo el coste de polarización.",5,Alta,https://www.reuters.com/site-search/?query=Spain+parliament+final+approval+amnesty+law+May+2024 | https://www.congreso.es/ | https://www.boe.es/
ESP-064,2024-06-09,2024,"Elecciones europeas: el PP gana por poco, Vox sube y la izquierda se fragmenta",Elecciones/resultados,Nacional,competencia intrabloque,"El PP quedó por delante del PSOE, Vox mejoró y Sumar y Podemos compitieron por separado con rendimientos modestos.","PP, PSOE, Vox, Sumar, Podemos",PP (+); Vox (+); PSOE (-); Sumar (-); Podemos (-),"El resultado confirmó un mejor tono del PP y de Vox, mientras la fragmentación a la izquierda del PSOE siguió siendo un problema de rendimiento electoral.",4,Alta,https://www.reuters.com/site-search/?query=European+election+Spain+June+2024+PP+Vox+Sumar+Podemos | https://results.elections.europa.eu/ | https://www.infoelectoral.interior.gob.es/
ESP-065,2024-07-11,2024,Vox rompe cinco gobiernos autonómicos con el PP por la cuestión migratoria,Pactos/coaliciones,Autonómico con spillover nacional,competencia intrabloque derecha,Vox abandonó varios ejecutivos autonómicos compartidos con el PP por desacuerdos sobre el reparto de menores migrantes.,"PP, Vox, PSOE, Sumar",Vox (+/mixto); PP (-/mixto); PSOE (+); Sumar (+),"La ruptura permitió a Vox reafirmar un perfil duro en inmigración, pero le hizo perder poder ejecutivo. Para el PP fue un recordatorio del coste de gobernar con un socio volátil.",4,Alta,https://www.reuters.com/site-search/?query=Vox+quits+regional+governments+PP+migration+July+2024+Spain | https://www.pp.es/ | https://www.voxespaña.es/
ESP-066,2024-08-08,2024,Salvador Illa es investido y termina una década de gobiernos independentistas en Cataluña,Pactos/coaliciones,Autonómico con spillover nacional,territorial,"Con apoyo de ERC y los comunes, Salvador Illa fue investido presidente de la Generalitat, relegando a Junts a la oposición.","PSC-PSOE, ERC, Junts, Comuns-Sumar, PP, Vox",PSC-PSOE (++); ERC (mixto); Junts (-); Comuns-Sumar (+); PP/Vox (mixto),"Illa convirtió la victoria electoral del PSC en poder institucional y validó la estrategia de normalización del PSOE, aunque a costa de nuevas tensiones en la financiación catalana y con sus socios.",5,Alta,https://www.reuters.com/site-search/?query=Illa+invested+Catalonia+August+2024+Spain | https://www.parlament.cat/ | https://www.gencat.cat/
ESP-067,2024-10-29,2024,DANA de Valencia y crisis de gestión de Mazón,Gestión de crisis,Autonómico con spillover nacional,gestión de crisis,"Las inundaciones devastadoras en la Comunidad Valenciana abrieron un debate nacional sobre prevención, coordinación y respuesta institucional.","PP, PSOE, Vox, Compromís-Sumar",PP (-); PSOE (+/mixto); Vox (mixto); Compromís-Sumar (+),"Las crisis de protección civil de gran impacto suelen evaluar competencia y empatía. Al estar el PP al mando de la Generalitat valenciana, el coste principal recayó sobre ese partido.",5,Alta,https://www.reuters.com/site-search/?query=Valencia+floods+October+2024+Maz%C3%B3n+Spain | https://www.gva.es/ | https://www.reuters.com/world/europe/thousands-protest-over-handling-spanish-flood-disaster-2024-11-09/
ESP-068,2024-11-09,2024,Protesta masiva contra Mazón por la gestión de la DANA,Movilización/polarización,Autonómico con spillover nacional,gestión de crisis,Miles de personas salieron a la calle en Valencia para protestar por la gestión de las inundaciones y pedir responsabilidades políticas.,"PP, PSOE, Vox, Compromís-Sumar",PP (-); PSOE (+); Compromís-Sumar (+); Vox (-/mixto),La protesta convirtió la gestión de la DANA en un símbolo de incompetencia gubernamental y mantuvo la crisis viva más allá de la fase inicial.,4,Alta,https://www.reuters.com/world/europe/thousands-protest-over-handling-spanish-flood-disaster-2024-11-09/ | https://www.gva.es/ | https://www.ppcv.com/
ESP-069,2024-12-18,2024,Begoña Gómez declara y niega los cargos,Corrupción/escándalo,Nacional,liderazgo y credibilidad,La comparecencia judicial de Begoña Gómez mantuvo el caso en la agenda mediática meses después de su apertura.,"PSOE, PP, Vox, Sumar",PSOE (mixto-negativo); PP (+); Vox (+); Sumar (mixto),"Aunque una declaración puede no cambiar hechos, sí prolonga el ciclo de noticias adversas y el desgaste reputacional del entorno presidencial.",3,Media,https://www.reuters.com/site-search/?query=Begona+Gomez+testifies+December+2024+Spain | https://www.poderjudicial.es/ | https://www.lamoncloa.gob.es/
ESP-070,2025-01-22,2025,Derrota parlamentaria del Gobierno en decretos económicos y energéticos,Institucional/gobernabilidad,Nacional,gobernabilidad,La mayoría que sostenía al Gobierno se fracturó y varios decretos clave no lograron salir adelante en el Congreso.,"PSOE, Sumar, PP, Vox, Junts, Podemos",PSOE (-); Sumar (-); PP (+); Vox (+); Junts/Podemos (+),Las derrotas legislativas visibles afectan a la percepción de control y eficacia del gobierno y elevan el precio político de los socios bisagra.,4,Alta,https://www.reuters.com/site-search/?query=Spain+government+loses+parliamentary+vote+decrees+January+2025 | https://www.congreso.es/ | https://www.lamoncloa.gob.es/
ESP-071,2025-04-28,2025,Gran apagón ibérico,Gestión de crisis,Nacional,gestión de crisis,Un gran apagón afectó a España y Portugal y abrió una investigación política y regulatoria sobre las causas y la respuesta institucional.,"PSOE, Sumar, PP, Vox",PSOE/Sumar (-); PP (+); Vox (+),"Los fallos sistémicos de infraestructuras tienden a convertirse en referendos sobre competencia gubernamental, incluso cuando las causas técnicas tardan en aclararse.",5,Alta,https://www.reuters.com/site-search/?query=Iberian+blackout+Spain+April+2025 | https://www.miteco.gob.es/ | https://www.redeia.com/
ESP-072,2025-06-09,2025,El Fiscal General queda abocado a juicio por la filtración del caso del novio de Ayuso,Justicia/territorial,Nacional,liderazgo y credibilidad,La causa contra el fiscal general del Estado por una presunta filtración agravó la batalla política sobre el uso partidista de las instituciones.,"PSOE, PP, Vox, Sumar",PSOE (-); PP (+); Vox (+); Sumar (mixto),La posible judicialización del máximo responsable del Ministerio Fiscal erosiona credibilidad institucional y favorece el marco opositor sobre deterioro del Estado de derecho.,5,Alta,https://www.reuters.com/site-search/?query=Spain+attorney+general+to+stand+trial+leak+Ayuso+boyfriend+June+2025 | https://www.fiscal.es/ | https://www.poderjudicial.es/
ESP-073,2025-06-12,2025,Dimite Santos Cerdán y estalla la mayor crisis de corrupción del PSOE en la legislatura,Corrupción/escándalo,Nacional,corrupción/valence,La dimisión del número tres del PSOE por una causa de presuntas mordidas en obra pública abrió una crisis existencial para el partido y el Gobierno.,"PSOE, PP, Vox, Sumar",PSOE (--); PP (+); Vox (+); Sumar (+/mixto),"Cuando un escándalo de corrupción alcanza la cúspide orgánica del partido de gobierno, el daño potencial sobre voto y movilización es muy elevado y prolongado.",5,Alta,https://www.reuters.com/world/spanish-judge-calls-top-sanchez-ally-testify-over-alleged-public-works-kickbacks-2025-06-12/ | https://www.psoe.es/ | https://www.poderjudicial.es/
ESP-074,2025-06-26,2025,El Tribunal Constitucional avala la ley de amnistía,Justicia/territorial,Nacional,territorial,El Constitucional validó el núcleo de la amnistía y reforzó jurídicamente el principal pacto de investidura del Gobierno.,"PSOE, Sumar, Junts, ERC, PP, Vox",PSOE (+); Sumar (+); Junts/ERC (+); PP/Vox (-/mixto),"La validación redujo el riesgo jurídico del acuerdo con los independentistas y permitió al Gobierno defender la amnistía como solución constitucional, aunque la oposición mantuvo el conflicto político.",4,Alta,https://www.reuters.com/site-search/?query=Spain+constitutional+court+upholds+amnesty+June+2025 | https://www.tribunalconstitucional.es/ | https://www.congreso.es/
ESP-075,2025-06-30,2025,Prisión provisional para Santos Cerdán,Corrupción/escándalo,Nacional,corrupción/valence,El ingreso en prisión provisional de Cerdán elevó de nuevo el coste político del caso y prolongó su impacto mediático.,"PSOE, PP, Vox, Sumar",PSOE (--); PP (+); Vox (+); Sumar (+/mixto),La prisión provisional es un umbral de máxima gravedad simbólica. Reaviva el ciclo de noticias y hace más difícil contener el daño reputacional para el partido afectado.,5,Alta,https://www.reuters.com/site-search/?query=Santos+Cerdan+remanded+in+custody+June+2025+Spain | https://www.poderjudicial.es/ | https://www.psoe.es/
ESP-076,2025-09-11,2025,"La jornada de 37,5 horas se encalla en el Congreso",Institucional/gobernabilidad,Nacional,gobernabilidad,"La reducción de jornada, una bandera de Sumar, quedó bloqueada por falta de apoyos suficientes en el Parlamento.","Sumar, PSOE, PP, Vox, Junts, PNV",Sumar (-); PSOE (-); PP (+); Vox (+); Junts/PNV (+),El atasco perjudicó especialmente a Sumar por ownership del tema y reforzó la imagen de fragilidad de la mayoría progresista para sacar adelante reformas laborales emblemáticas.,4,Alta,https://www.reuters.com/site-search/?query=Spain+37.5+hour+workweek+stalls+Congress+September+2025 | https://www.congreso.es/ | https://www.mites.gob.es/
ESP-077,2025-09-23,2025,El hermano de Sánchez irá a juicio,Corrupción/escándalo,Nacional,liderazgo y credibilidad,"La decisión judicial sobre el hermano del presidente alimentó el marco opositor de privilegios, nepotismo y deterioro ético del entorno presidencial.","PSOE, PP, Vox",PSOE (-); PP (+); Vox (+),"Aunque no implica al Gobierno como tal, los casos del círculo familiar del presidente tienden a erosionar su imagen personal y a contaminar la marca del partido.",4,Alta,https://www.reuters.com/site-search/?query=Sanchez+brother+to+stand+trial+September+2025+Spain | https://www.poderjudicial.es/ | https://www.lamoncloa.gob.es/
ESP-078,2025-10-25,2025,Protesta por el aniversario de la DANA valenciana,Movilización/polarización,Autonómico con spillover nacional,gestión de crisis,La movilización al cumplirse un año de la tragedia mantuvo viva la crisis política sobre la gestión de las inundaciones.,"PP, PSOE, Vox, Compromís-Sumar",PP (-); PSOE (+); Compromís-Sumar (+); Vox (-/mixto),La persistencia del tema impidió al PP cerrar el episodio y mantuvo un foco de atribución de culpa en torno a la competencia de gobierno.,4,Alta,https://www.reuters.com/site-search/?query=Valencia+floods+anniversary+protest+October+2025+Spain | https://www.gva.es/ | https://www.ppcv.com/
ESP-079,2025-11-03,2025,Carlos Mazón dimite por la gestión de las inundaciones,Liderazgo partidario,Autonómico con spillover nacional,gestión de crisis,La dimisión del presidente valenciano convirtió la crisis de la DANA en una admisión política de responsabilidad de primer nivel.,"PP, PSOE, Vox, Compromís-Sumar",PP (-); PSOE (+); Compromís-Sumar (+); Vox (-),La renuncia tiende a confirmar ante la opinión pública que el coste de gestión fue alto y que la oposición tenía un argumento fuerte sobre incompetencia.,5,Alta,https://www.reuters.com/site-search/?query=Mazon+resigns+November+2025+Valencia+floods | https://www.gva.es/ | https://www.pp.es/
ESP-080,2025-11-20,2025,García Ortiz es condenado e inhabilitado dos años,Justicia/territorial,Nacional,liderazgo y credibilidad,"La condena e inhabilitación del fiscal general agravó el choque institucional entre Gobierno, oposición y poder judicial.","PSOE, PP, Vox, Sumar",PSOE (--); PP (+); Vox (+); Sumar (-/mixto),La condena de una figura institucional ligada al Gobierno refuerza un marco de deterioro institucional que suele perjudicar al incumbente.,5,Alta,https://www.reuters.com/site-search/?query=Garcia+Ortiz+convicted+disqualified+November+2025+Spain | https://www.fiscal.es/ | https://www.poderjudicial.es/
ESP-081,2025-11-27,2025,El Congreso rechaza el plan de gasto para 2026,Institucional/gobernabilidad,Nacional,gobernabilidad,La cámara tumbó un paso clave de la planificación presupuestaria y volvió a evidenciar la debilidad aritmética del Ejecutivo.,"PSOE, Sumar, PP, Vox, Junts, Podemos, PNV",PSOE (-); Sumar (-); PP (+); Vox (+); Junts/Podemos/PNV (+),Otro tropiezo de gestión parlamentaria alimenta la expectativa de inestabilidad y reduce la percepción de capacidad del Gobierno para cerrar una legislatura ordenada.,4,Alta,https://www.reuters.com/site-search/?query=Spain+spending+plan+rejected+November+2025+congress | https://www.congreso.es/ | https://www.lamoncloa.gob.es/
ESP-082,2025-12-12,2025,Backlash por la gestión de denuncias de acoso sexual en el PSOE,Corrupción/escándalo,Nacional,liderazgo y credibilidad,La reacción pública ante denuncias de acoso sexual y la forma de gestionarlas golpeó la credibilidad del PSOE en un terreno especialmente sensible para la izquierda.,"PSOE, Sumar, Podemos, PP, Vox",PSOE (-); Sumar (+/mixto); Podemos (+/mixto); PP/Vox (mixto),Los costes reputacionales son altos cuando un partido percibido como abanderado de agendas feministas parece incoherente en sus protocolos o respuestas internas.,4,Alta,https://www.reuters.com/site-search/?query=PSOE+sexual+harassment+complaints+backlash+December+2025+Spain | https://www.psoe.es/ | https://www.igualdad.gob.es/
ESP-083,2025-12-22,2025,Extremadura gira a la derecha y Vox dobla escaños,Elecciones/resultados,Autonómico con spillover nacional,competencia intrabloque derecha,La elección extremeña dejó un crecimiento fuerte de Vox y un bloque de derechas más robusto frente al PSOE.,"PP, Vox, PSOE",Vox (++); PP (+); PSOE (-),El resultado fue leído como señal de que la derecha podía seguir creciendo en territorios menos favorables y de que Vox recuperaba pulso electoral.,5,Alta,https://www.reuters.com/site-search/?query=Extremadura+election+Vox+doubles+seats+December+2025+Spain | https://www.infoelectoral.interior.gob.es/ | https://www.asambleaex.es/
ESP-084,2026-02-08,2026,Aragón: Vox dobla escaños y fuerza mayor dependencia del PP,Elecciones/resultados,Autonómico con spillover nacional,competencia intrabloque derecha,El resultado en Aragón reforzó a Vox dentro del bloque de derechas y aumentó la dependencia potencial del PP respecto a ese socio.,"PP, Vox, PSOE",Vox (++); PP (mixto); PSOE (-),El crecimiento de Vox mejora su capacidad negociadora y complica al PP la gestión del equilibrio entre voto útil y moderación ante futuros pactos.,5,Alta,https://www.reuters.com/site-search/?query=Aragon+election+Vox+doubles+seats+February+2026+Spain | https://www.infoelectoral.interior.gob.es/ | https://www.cortesaragon.es/
ESP-085,2026-04-14,2026,La regularización extraordinaria de migrantes entra en fase decisiva,Inmigración/seguridad,Nacional,inmigración,El avance de una regularización extraordinaria de personas migrantes reabrió con fuerza el eje inmigración-identidad y dividió a partidos y bloques.,"PSOE, Sumar, PP, Vox, Junts",PSOE/Sumar (+/mixto); PP (+); Vox (++); Junts (mixto),"Las regularizaciones tienden a movilizar apoyos en electorados pro derechos y a la vez generan una fuerte reacción en electorados restrictivos, un terreno especialmente favorable a Vox y útil para el PP.",4,Media,https://www.reuters.com/site-search/?query=Spain+migrant+regularisation+extraordinary+April+2026 | https://www.inclusion.gob.es/ | https://www.congreso.es/
ESP-086,2026-04-15,2026,"La comisión del Senado responsabiliza a Gobierno, Red Eléctrica y CNMC por el apagón",Institucional/gobernabilidad,Nacional,gestión de crisis,Las conclusiones políticas del Senado sobre el apagón trasladaron la discusión desde lo técnico a la rendición de cuentas institucional.,"PSOE, Sumar, PP, Vox",PSOE/Sumar (-); PP (+); Vox (+),La institucionalización del reproche convierte un fallo de infraestructuras en un pasivo político más duradero para el Gobierno.,4,Alta,https://www.reuters.com/site-search/?query=Spanish+Senate+probe+blames+government+blackout+April+2026 | https://www.senado.es/ | https://www.redeia.com/
ESP-087,2026-04-17,2026,PP y Vox pactan una coalición en Extremadura,Pactos/coaliciones,Autonómico con spillover nacional,competencia intrabloque derecha,El acuerdo en Extremadura fue interpretado como un nuevo ensayo de gobernabilidad conjunta entre PP y Vox con lectura nacional.,"PP, Vox, PSOE",PP (+/mixto); Vox (+); PSOE (-),"Reforzó la idea de viabilidad del bloque de derechas para futuras mayorías, aunque también puede generar costes de moderación para el PP en votantes centristas.",4,Alta,https://www.reuters.com/site-search/?query=PP+Vox+coalition+Extremadura+April+2026+Spain | https://www.assembleaex.es/ | https://www.pp.es/
